INSERT INTO `campaign` VALUES ('315fd69c-7a7c-469a-83a2-2d8272ff35d5','1',8,1509962456,1569282356,10,1,120,50000,5,NULL,NULL,NULL,NULL,NULL),
  ('369d7da4-faa0-4857-b377-90c1418ec849','1',1,1509941936,6809827671,5,19,120,50000,1,NULL,NULL,NULL,NULL,NULL),
  ('c60d3a8e-90c5-47ed-845f-cee57d75dfa1','1',0,1509966056,1604658656,11,32,120,40000,1,NULL,NULL,NULL,NULL,NULL),
  ('f3777e72-b1a5-4072-adb3-67403a64a221','1',1,5422898766,6809827671,10,53,120,50000,1,NULL,NULL,NULL,NULL,NULL);

INSERT INTO `message_content` VALUES ('32fd8409-11bd-4a72-beba-28e46973fb6a','xk8'),
  ('7j3jr289va','welcome'),
  ('7j3jr289vb','welcome to india'),
  ('7j3jr289vc','welcome to kerala'),
  ('7j3jr289vx','hi everyone welcome'),
  ('7j3jr289vy','hi everyone welcome to trusting'),
  ('7j3jr289vz','welcome');

INSERT INTO `campaign_message` VALUES ('315fd69c-7a7c-469a-83a2-2d8272ff35d5','7j3jr289vx',100),
  ('369d7da4-faa0-4857-b377-90c1418ec849','7j3jr289va',50),
  ('369d7da4-faa0-4857-b377-90c1418ec849','7j3jr289vb',50),
  ('c60d3a8e-90c5-47ed-845f-cee57d75dfa1','7j3jr289vx',100),
  ('f3777e72-b1a5-4072-adb3-67403a64a221','7j3jr289va',50),
  ('f3777e72-b1a5-4072-adb3-67403a64a221','7j3jr289vb',50);
INSERT INTO `loan_pool`(`phone_number`,`province`,`district`,`credit_score`,`demand_score`,`demand_prob`,`income_level`,`available_date`) VALUES ("9645269564","TP HCM","Q2",450,200,1,400000,1509958856);
INSERT INTO `loan_pool`(`phone_number`,`province`,`district`,`credit_score`,`demand_score`,`demand_prob`,`income_level`,`available_date`) VALUES ("9645269561","TP HCM","Q2",450,200,1,400000,1509958856);
INSERT INTO `loan_pool`(`phone_number`,`province`,`district`,`credit_score`,`demand_score`,`demand_prob`,`income_level`,`available_date`) VALUES ("9645269562","TP HCM","Q2",450,200,1,400000,1509958856);
INSERT INTO `loan_pool`(`phone_number`,`province`,`district`,`credit_score`,`demand_score`,`demand_prob`,`income_level`,`available_date`) VALUES ("9645269563","TP HCM","Q2",450,200,1,400000,1509958856);
INSERT INTO `loan_pool`(`phone_number`,`province`,`district`,`credit_score`,`demand_score`,`demand_prob`,`income_level`,`available_date`) VALUES ("9645269564","TP HCM","Q2",450,200,1,400000,1509958856);
INSERT INTO `loan_pool`(`phone_number`,`province`,`district`,`credit_score`,`demand_score`,`demand_prob`,`income_level`,`available_date`) VALUES ("9645269565","TP HCM","Q2",450,200,1,400000,1509958856);
INSERT INTO `loan_pool`(`phone_number`,`province`,`district`,`credit_score`,`demand_score`,`demand_prob`,`income_level`,`available_date`) VALUES ("9645269566","TP HCM","Q2",450,200,1,400000,1509958856);
INSERT INTO `loan_pool`(`phone_number`,`province`,`district`,`credit_score`,`demand_score`,`demand_prob`,`income_level`,`available_date`) VALUES ("9645269567","TP HCM","Q2",450,200,1,400000,1509958856);
INSERT INTO `loan_pool`(`phone_number`,`province`,`district`,`credit_score`,`demand_score`,`demand_prob`,`income_level`,`available_date`) VALUES ("9645269568","TP HCM","Q2",450,200,1,400000,1509958856);
INSERT INTO `loan_pool`(`phone_number`,`province`,`district`,`credit_score`,`demand_score`,`demand_prob`,`income_level`,`available_date`) VALUES ("9645269569","TP HCM","Q2",450,200,1,400000,1509958856);

DELIMITER //
CREATE PROCEDURE simpleproc (IN count BIGINT)
  BEGIN
    DECLARE i BIGINT DEFAULT 9645269000;
    WHILE i < count + 9645269000 do
      INSERT INTO `loan_pool`(`phone_number`,`province`,`district`,`credit_score`,`demand_score`,`demand_prob`,`income_level`,`available_date`) VALUES (i,"TP HCM","Q2",450,200,1,400000,1509958856);
    SET i = i + 1;
    end WHILE ;
  END //
DELIMITER ;

CALL `campaign`.`simpleproc`(1000);